degree, numerator, denominator exponent
0, 0, 0
1, 0, 0
2, 1, 1
3, 1, 3
4, 1, 2
5, 15, 7
6, 0, 0
7, 81, 10
8, 1, 3
9, 1499, 15
10, 1, 5
11, 16551, 18
12, 0, 0
13, -19557, 22
14, 7, 8
15, 1026129, 25
16, 1, 4
17, 78558483, 31
18, 7, 9
19, 496067595, 34
20, 0, 0
21, -506111055, 38
22, 135, 12
23, 66414150615, 41
24, 0, 0
25, 402782136143, 46
26, 683, 16
27, -7661205650557, 49
28, 0, 0
29, 159606082621811, 53
30, 159, 14
31, 1420861495703249, 56
32, 1, 5
33, 118802466511637251, 63
34, 6147, 20
35, 978823547108164723, 66
36, 7, 10
37, 11679916854812498869, 70
38, 136987, 23
39, 87928513714596704251, 73
40, 0, 0
41, 685685840544500583605, 78
42, 18743, 24
43, -2561304896468097247047, 81
44, 7, 10
45, 254308031775916124767853, 85
46, 1819603, 27
47, 4943107346807342553287255, 88
48, 0, 0
49, 11638988504780318683252567, 94
50, 24135251, 32
51, -285258038118564314943659105, 97
52, 27, 13
53, 30706551955803421438150458565, 101
54, 2251903, 30
55, -127301503425269897481070012685, 104
56, 0, 0
57, -94483418772208582147732123593, 109
58, -256570541, 36
59, 21261458586679364444932709138299, 112
60, 823, 17
61, 522955452487435445485963489230883, 116
62, 3779300521, 39
63, 4286673516199069432178615469250001, 119
64, 1, 6
65, 1411511154650766423945929929328180451, 127
66, 3327911481, 40
67, 16349082535513108718516727925054803395, 130
68, 1299, 18
69, -24406448088489396053752958150176020003, 134
70, 35938213737, 43
71, 1181139364600053725217016454620894036835, 137
72, 0, 0
73, 3870401104723642638039460627681585115353, 142
74, 765397572255, 47
75, -24461841483370662979227581714020805652227, 145
76, 1815, 19
77, 6055680540050759250063802225656323047330633, 149
78, 65240933961, 43
79, 43933690924655138743786225466011911404814075, 152
80, 0, 0
81, 195131893132376706907710731337444933691001117, 158
82, 7232577005815, 51
83, -5085132180816166681416692579728057923971037499, 161
84, 1131, 19
85, 232104029520651945362894639619738284855472041295, 165
86, 4797959054467, 54
87, -1250091796718251228177548909632745713565557657975, 168
88, 0, 0
89, 4034925197503385891685924846385826075958469022393, 173
90, -80473653572993, 55
91, 533388780742041890201345948986980820005922901182085, 176
92, 242889, 25
93, 4552843458305140257654694863164150855016805671801125, 180
94, 2107391294032923, 58
95, 82245668504043227298305365361505194402475208571258071, 183
96, 0, 0
97, 1519361340978092182212092360631803265323772049596565735, 190
98, 60136405488332035, 64
99, 9807483035373102837577819911066790281815199828016114423, 193
100, 29621, 25
101, 484538656795743098620895264529982560182179366456206637249, 197
102, 65333974814985, 61
103, -3154896386393269822522997206733034412149489464711310125361, 200
104, 0, 0
105, 12515207013474865849154006896746317957553091374535380034361, 205
106, 681345608999782979, 68
107, 1826619966860453490529473405678123177440304730238516085845165, 208
108, 822027, 28
109, 39695630641160621684661473739187748168786730194964848163332225, 212
110, 4923058089529990717, 71
111, -228270145869377818662330705120856003563610039227630145470582157, 215
112, 0, 0
113, 3548334869843471648244680544799770630090431372462872691598873439, 221
114, -8373234758275170179, 72
115, 47657774603362646321537396120407801261375775527797661785683421127, 224
116, 25003403, 33
117, -1251409045765987739498385463909140872043221188461069420581145621459, 228
118, -140448039005979304707, 75
119, 861568561818709136163556202622325422183689318857094519347863415147, 231
120, 0, 0
121, 125648478137595989161949911239876492722820947473127103915251644396039, 236
122, 2768805792611971448037, 79
123, 2654492674691792081721555988474399154810782387682489618208443134644331, 239
124, 5568217, 31
125, 40042517499198349926751557060509602998609032652950814272760407956859267, 243
126, 205683155882545169763, 77
127, 593889272741179843254434810154387697312838975449944139396253242118511569, 246
128, 1, 7
129, 216814368771818803861852756124363890659697105313305393330098711371262163107, 255
130, 33120771127722066571277, 83
131, 1733743578338975342069692919199736093194696222337447866792194830068757762659, 258
132, -21051853, 34
133, -5056969970254186186235611952786812583083589535650578935252827213781951668051, 262
134, 348448119859297249154509, 86
135, 206905872429402206599759498741599682123937887891534415983672921497835004704947, 265
136, 715, 19
137, 6765976988946679693427551545452757631421047719780851988049900496410586101966145, 270
138, 330364093921392290478193, 87
139, 12490312306103163287796606640699726538650627611410703417697458772558567837665189, 273
140, 107680369, 35
141, 563497460583726652681960450428401410385887979497928594227123011664641519477829089, 277
142, 3049825974368494068485077, 90
143, 5638290906516346871005879402645505835299127132783310047304238522410099985022284131, 280
144, 0, 0
145, 6175071271384472846316303756816704532976557080136582187973819374699544792834633985, 286
146, 32753665473336837992023703, 95
147, -868629920630383292136939577395807584399458050126590755310180958395803847412677411735, 289
148, 259298213, 41
149, 38062076172263348951666476210656954056057486270482500313243887918272181864528291396875, 293
150, 4782989651172883246327429, 93
151, -80534508308200788038380064498546756526409678145704427710316643689957184917748536517875, 296
152, 1573, 20
153, 3754920802466070925573201339191351362794932813270491582715781700807117170904398705024709, 301
154, 814779424240756326265207383, 99
155, 103062121514715098475376853953768606006051620622492909078529265824813144064898981414612929, 304
156, 3524932421, 40
157, 1812931453278079479906664077805403490288358588955694578469037717425010408745876073573571249, 308
158, 19755549897890059746574154621, 102
159, 10083744416929774189136289725692451667167047254383187722427300535201896020578742739529750651, 311
160, 0, 0
161, 343504085139686821377662809697384728524605651583879697062411563256245611706951707043302999661, 318
162, 7707446455855943361379037389, 103
163, -907405019780840052861525248693738233684431391669853171785813123095472559886891156730719536579, 321
164, 29002885333, 44
165, 103136884242463856187197614120097209997309799353334309496150221276393284946827058083390281926971, 325
166, -12423040840772660837734936067, 106
167, -66724528244638610912660411053819918710715334333512303833224004178326856141852976616166294217259, 328
168, 1547, 21
169, 27299607431969260382326347689963576617863763570924322356743020983719971265564938804303803096320267, 333
170, 2150330315567068229637305326599, 110
171, 327216185029187434954832230970250242348647640164523692832171762634850474050862645758732079567389127, 336
172, 601829675491, 48
173, 2301298749327467799644651423126598111037670547318070658063220455545417743115096825407527132087398515, 340
174, -113487521277088559516510005495, 107
175, -31529687536066622450879310814556799703384611746343847895943402043995673188187637183033587902137556471, 343
176, 0, 0
177, 64121773133079675209471694249846831135478134650236699678898134834732315858410813806100346381057392049, 349
178, -6015414883800740884465791715553, 114
179, 12068126360779544625737763395407509897435869501008210076776188004435006154741019997349328019465851612265, 352
180, 61423849651, 49
181, -258381827389448612350466970868827099329016099166040416572619046859239243506545179734972831257431094949453, 356
182, -129327241534347279010539716754093, 117
183, 1253309621963483740641653533740085271065509750336905752803242419515145368211699577849807579183903979020181, 359
184, 24937, 24
185, 55432615821493379790967373151587426494351381437714614673325511523097311002261744806998974963914469891005633, 364
186, 652311605505834918073928744713647, 118
187, 715563266385610163367552696362569719148186277226505122607527174782835366282247721543727372633554863321105373, 367
188, 2327023875111, 50
189, 4701993423726441010231032823771169423743512156435923998504959173862617057742748394285653757355998750167806869, 371
190, 9569194648293814903483855759173483, 121
191, 164907378435065117281580730831653804784725133325703982429828538117309335662590556773992790711310403112689375191, 374
192, 0, 0
193, 5242976009738870857143865457110552722908703703142105053497012580708859967569743808641115439697439672706378787335, 382
194, 598236143956656196357724357365114595, 128
195, -102315863300953384896710274560388819651248794563410534955463683004402885895688488693041439907605345894450619849689, 385
196, -661527620399, 50
197, 3319479461890493189958718658898415696373622673017572691100488979166235570794262235647545394239006399292104148186713, 389
198, 32673007272783609918163525606881213, 124
199, 206825636515349498118165511236505388765350535432647904666767851192963667375317958178362755727915832514607805713703, 392
200, 75021, 26
201, 265163782480828365954909113941531722337396031960555873557645436873734750949252074340848747471457515700086860650430997, 397
202, 2571131267553702133286257873167369827, 132
203, 4181474699699102238093771278882500439379187341768929528617881190231602657804196486282732450740248894736933636506944105, 400
204, 88744689294373, 56
205, 65212979579868633747284975476688074663451042459736735025208421034467624382886181206334464544342966211140527640914369445, 404
206, 10088080633090801167147815907443054085, 135
207, -700563570543063075901508770234354232055757770056079618668822866680537551672460299952326515407906357221036284889957554225, 407
208, 0, 0
209, 4988674645472293997597666571335688304411533422901474181090077515780993939835162429011266439049333223540870899087767360001, 413
210, -96148478989810853676837101388324191995, 136
211, 154009766210824012213644026520359264159414509600150531587763894050219654801382626076177487184725518432933807298145886983433, 416
212, 11664029448139, 53
213, -2376928415030471098730545801227595420348084256424589767570357590344516242820768119138160082771000307937414385278480466340933, 420
214, -453911138266393894041623809540053731067, 139
215, 22796075980329151260806052443846300985205028352514178975099828406046648918530796241718178670084617652917863630438543259567293, 423
216, 95, 18
217, 597458976546618169165208346492724023270576621159605431199741898622147686229189337230361842721692799050195141820278536563972029, 428
218, 38263610097641949385653586051989504170185, 143
219, 12578537983255663134958714015190855893582801370359451042685542728296762532889856690231065655232963947856360263423387982811896953, 431
220, 702627255827523, 59
221, 222842514927893624401008473760401940727953304270620148051925589509081351841499448026207945532486619029620528763733572731939861561, 435
222, 1183552767345778756180544534672159394025, 141
223, -1086223248305368176707001757212713537428878246967860655217229367294049468524746635625506107372790967631401264041003144794769624845, 438
224, 0, 0
225, 25684372791632686218145522491821639510260954359066497423470588390227579731905333759649575879680523229796014609484148524249503126319, 445
226, -70585255561585947160197879113337364880879, 147
227, 399458723579722499191712892799998211698273678197127593943972170100713085865007876683727819622369687526923068050134823664310750299519, 448
228, 24286293473956659, 65
229, -6702752102589075312780125462564336455024694450350424566642938893207978194310292750645487607312878597450685771368015983998482100825383, 452
230, -640185598702271251792065252716770151183223, 150
231, 34353056679690673517303418909113983229814532545898314259582362435377251993982773845538232194436606565690049502798770680401434379422071, 455
232, 518431, 29
233, 5416544002892513473695728616384640845013590583383099509615911557911543599908847425318221615390227006116179399824272380863404356286467457, 460
234, 3194759213084569066598233628741427170380285, 151
235, 11458988377751892260061019779686819148311317373329259346396056253654444246147639999754140422452689917770504075759094478072214470698111445, 463
236, 7391768946430127, 63
237, -735746741930418035111484341832345532523192066294028586992957241056457027212277296199174213220765603186970827748926610450221864932604543383, 467
238, -59013608848664191290726847853733040581975183, 154
239, 2034263016360738890687425457110213442240483892407493537462566337873283192900776375627234040650349713799764025570608413910833931828751130347, 470
240, 0, 0
241, -105124992992761393517570937066171371542460511582296619671646040545956931701453684230119241342753410420963150696323926805636742319081660464785, 476
242, 842890133522119420274887662587099385403840477, 159
243, -204247238763865160628899204638786070997215938244596335116887656295039868586724842448189863969324852821546162167548847848264653695343629796329, 479
244, -8332786035453725, 62
245, -13546131315296523748352958521223340006813573562784487387296323408279740402268534017685682443821698161377912123823972470836324917616400103714819, 483
246, 233477943078840220646724434129525322473208173, 157
247, 223503708447168535845862104915420643889952324340801417692219777596867123296292127331429875734724661412361018968140262283663857446502346246954843, 486
248, 24654679, 34
249, 13533826122727213809872996732000316878797891522934227999511034330588046119729136333378209833373641790129053419701012567164067029928752194268673447, 491
250, 15136439246015412833431172484630961492681302621, 163
251, 40540649043359200655961777615075141345202389111668733565735737078494290501382035083391711184837154557750774405650420440933971510292220392095094347, 494
252, 34489033609903997, 66
253, 1337628363786604603043358331504772142216888980928083103351734532297917502618551148330544441132284494679849963735266834086669139312718593093866105923, 498
254, 203255101734438225292913551751295280527889676951, 166
255, 10169389285426306681052856048482025677731086994475382382460343637694602576763662154583378903279324045578216589962135870495648508297080137955833825233, 501
256, 1, 8
257, 15269261247867004788973089895838261982714593719047214478149459878694597407179662321285606878221999130996669725576539602093330943144732500797723754713123, 511
258, 1622008709670093705611791143636703832181052295, 167
259, 88300391998224116456852781523962793794806794473181258484801653803826618028962518058996527085379620958253074203421404743619214816897168750527592085349283, 514
260, 10688948148487427125, 73
261, 981125114940382444129265734805070370793457856399265048825341004405214237551438710411462847902833748510380045800935386247359232215491832120284044992563277, 518
262, 3395675016681368306688660376102246507664671944023, 170
263, 16945928120602644930984415641129312811682361922638555722962465236856257823420954156677087850366267469114453830986959770120964637134376258244292140182678867, 521
264, 32144899, 35
265, 111488012750940641273560201260293831410688085853758664606459440186109673070404448866402337093517515889767261201960171725973441313014172368699411431873716369, 526
266, 25416758941059866493102049134034085060238108913897, 174
267, -543230424301580412755154384392075667035432341094475684820004886641352724734284356901152482369098066361601106280393758321821360475258353182397573359093616779, 529
268, 1106590923186915011, 73
269, 12749694174139680242752342164554772620207484902532779108691831573084950754951132814121575778433719605023053744914912619449572988537518024975347907335258629265, 533
270, 353447410313434553930150302479217576614394458049, 168
271, 502987505871731902238869214804978902793857124109413373572662446941303864951101707443645438326939191534675641289774204860393697593003992194877823345194590616755, 536
272, 0, 0
273, -2059201886593797381918898756067807203978649638633339369131551828111411830909137276323803750232451565064919470840092582758922255669143051738576881801798610417431, 542
274, 347172763402924793016264355591998985278135862748625, 178
275, -64649278980169121392652753363024877898817444989342737656064690721097674445181868694515176620014757859293681408628411846294858137349092223260745134177717420487727, 545
276, 29026019180152649953, 76
277, 3657510141086745636703383771028720308833120483764402553999156471676099366350397981381607951392468207498670995512783203005635305652189670066270792349708551991338083, 549
278, 3740964468621545013616965955938186483596154490159701, 181
279, -2482643828057615217734571136068681431656006248107206555404617888322780004801894990794292250303195943619634176909183241337246088743784876674517051490032198928296907, 552
280, 84151247, 36
281, 856071738616459666551015972420426664178801319382658326403212128379374743044823891335975978246675670698167192011955784615811192370970524146876011084775045604441311549, 557
282, -317360790942520402946056067736099043387844809197191, 182
283, 5805417185762975226883990775712551213656268625905781836085325291625349324116251249970438434338804608576539535909780023373543703785659485042451739171236876255439824409, 560
284, 2883123553808782331913, 80
285, 41588422958488227854868873431102987135896313600238857455791152892878077656727985512455411198569817012411523339658073860742923657924273962802238070540285707929749058089, 564
286, 57974609271472100169257415384787249269473772014140541, 185
287, 658331573157379320593919176013808376491640343444241988048536811772787539167437245793084300324137868322788032262803361112116550965539531599961402333977077575702546180323, 567
288, 0, 0
289, 1406598967916024563338480856044725805686598825438047565438425798044631818485183272381923620888546350882822476701612298509811586155655461784382474018455099027559846134737, 574
290, 2287098208312515877104126511179900650343287854202114279, 191
291, 329982876035034905227315090829133207771037758749884319860535632720450919779090679702051000457137807640224432442384334154018203854039383175378931040964857042316358147008801, 577
292, 1751464375440792673085, 81
293, 5794602390725784389385704774571755447419530368329043588764728287656408271902921716391239294347838525000631178970420906799429350981675439960073028658909256339044884192639575, 581
294, 42810300912215183499117766652626005372411763944518839, 188
295, 20177978142166539976396734502892746135900887235651081807762664860226005274847856683171290131850496234762223725171865140757409100835462997574357792989088218167963101375194809, 584
296, 15106121, 34
297, -255267892199333746648391170234837821418322809448619449049309810228748307935706231896547857955148796867711829023478195321910410153278656704100368176232103799659706200453833353, 589
298, 14286289842137031659744537110974805119605208415146211495, 195
299, 8766310690932853793766992691937348331592585386743196213038336303108466665865826878377979018901256383322591164736397280177278118763629032358130748818613187298749466974613284579, 592
300, -4132850536984889232171, 82
301, 153519064234537624546321714589179939501120131798037923677184333712114409246097345120554672253250092595528395051750969714794937215904871865523175636429634726002950706884945269791, 596
302, 386422031363197580913280568398595904879955174913349923305, 198
303, -1768806492057303716768073750395241141036822986633591473514940032763790066061436360023371339503155944432610779029947160618402391804084626776377861810054125484668900568597617664371, 599
304, 0, 0
305, 71594653705265021939213906355735106048757358958422977317540404104388471973699782787602130971700675799956192799197948658806736501669557775068735489866174138436612401714081625053341, 605
306, -398050637769652735303186429879158067838344829970021237975, 199
307, -3186795711959563886972697678573880866449784107401219792369127250648480650515676882055848372185889917448242404821106240194621095763264400191423179393682458164694073880558113077963, 608
308, 3830912667376375040823, 82
309, 1896522433403279367862073475030903648262291516477480519161436494200553622895789845574154233784087807830353491185132624205887933326286934097662756070811633365883364932537685989967831, 612
310, 429337874048633288768365101515084690670264401927111463721, 202
311, 192561927088389502010581892549538850103117568004054431140197905254238521003363104687339433173480618785203412734145952748489816122920159070558784724802236919905357666697107103679667089, 615
312, 14750153, 34
313, 1500201604323363140415144777811884883596525827182996804745289837638158077802819058715552851339984289486476611303778771356198050012524103769483973399546468639947700426411581360340726941, 620
314, 152804303575829967372598929119005356775688822605090468353833, 206
315, 35121905589072017859920057775545608984308199260860118288385475758852596343215591926409282795757552820173272553437589509679188894940561110296197259413999752771224865287584900486700536841, 623
316, 579655202411184659166535, 88
317, 1324581244471607544387315468749028071841774310826551322124074883473549277000539377643776674149533654759766944393962285714577005096055751576594817935814526257352323627871217775099182936705, 627
318, 37035519645886142238491071534486426848827466010769813097219, 204
319, 7781555492249518129157922014439581976969721768167760407050644114988874579131388660799786291887806494084626061315195110249922354730085805739520161416618160868604904787117053251116108116347, 630
320, 0, 0
321, -86119212648275664704346673794318578003278091191524079245484810427017300754206867543765541072178409778421411571656336480035971893565526958668532472822367178826790459823481241676908820673779, 638
322, 1507745127050306181209914455306338567734323759658816789779825, 210
323, 1780488762166395663800401624271026386211190398489039998339177247768675498063276133472654165669190464136494574766675827835425374441747932611289292496309309540216921391834120531289413362541741, 641
324, 224118675399515608591969, 88
325, 125929929541972259390543854041227100868318810153048097282613868544972720577858969224715444194175144572650824456587542207120121632786591771365997821977075630914838264388048440410142347310424051, 645
326, 8550116035268433405467265139198373555174454053312591820971553, 213
327, -422721674390092222848061050260548035718770521107416943783569527148225466997744592935133638659137921194065380623439083639437891876610504328929319907317595634228757887329957262174608395854789043, 648
328, -47790735, 38
329, 21972000501921043172835046128129660974651896338971953454231002294899640886577876528280925169733802084230325020216512557703948531351592287253490310721109842211862817921967624341555860083939006039, 653
330, -7153960041656905068442906020225271254984621321774294462762091, 214
331, 320667126115032814164547188967795539577362949557938038206832961876834852467566890703200565975570813646113788465751203494382361226122343183538738520731540609847090030879530235982622269668037769331, 656
332, 3122660136783340703537333, 91
333, 1441713323543821258625574675534212556792833138230434505603293009364921520725782393223750833978589999661386862190299871141603486621316467575079893507303364883865707505342051050306594142623066885159, 660
334, 21047566181013287206970295398099369777792869099269386743999305, 217
335, -37641641292900443791292762644816793753174702860456066254847737031857279155255587952206835668606884111131957133435390774999027941397452885555176936477359711729089466736138964325029355646121453497643, 663
336, 0, 0
337, 444024922183551172722038723551694710017902062344413247818341803144529874641723774186007699640589661979037751146507708186872177589613236147529143039312465704786674301627480858438783863427322379081251, 669
338, -1280604017836159402420264681822599762543063953973827725300201313, 222
339, 17495661054510467423290538160258243494706777803031887826266451717425314295788358708774391560355388279296986134991028006079437401345318339493471430625162552617367170484766388630458563719561142108446203, 672
340, 19674523277602284509120479, 96
341, -100227501968239882308546019016785681880610671936256184431257050648348058019203753692120943939450260593552821979526728820770096067469178456037035241318591987039884230418056165647421212930555705395368271, 676
342, 205101022460601152057955664918638686966972789339196691505631761, 220
343, 2252720286223782889366589746546655104406534631398149467936770341599437623776606326839302514367842339601707056000371552944449439003463942345527376224095265729987762821060519949957302471762813063048435703, 679
344, 3749774529, 42
345, 81637409621625922639884946384285288255217919411799732719800612926942015853222627913840514252842791555005086020477079879803173610516727904254856697516144324314617216669759255380849478512624996682669491239, 684
346, 244817706498020309466354458305096307818895725302674092332849695455, 226
347, 890051262420546693066088812999541713484745470249152268938389936224636949343570407949530401300320158950882848777024007221262876980741886746476324575748269655057985894964321420299104620957051245462174404699, 687
348, 5270558383499322026837753, 93
349, 7215355715327693407181027152045717558330002305488955132051681283323689650057298245058789688549442395820980077485899035423923226368542288889169518439209572150727017582808411421119256667822431227545132715387, 691
350, -297940096518258547780072508131336252886117317432483933701689194139, 229
351, -57304240049246786926537080736578130862589957764270514658596265114700409283966781825190190703642073991716091855621831222522444601936699505942168959040610868594944201166817493573482336694294863014839276129399, 694
352, 0, 0
353, 2414487413632303423427918945909202363217765678910458933140654325069566945783840160710596907158649761491744269010073182983232722862879069038078326060162251217500062004615861861318700034193671275094047717781025, 701
354, 202495949057961970465091859009819982053021385584619836297454135733, 230
355, 4762993171987886324141557958750582891538929880710200361964789066670679752592627327816686871369856929380456552502647448984372669676026397029366605673711037255342282295796003601615711361047557282947856621891089, 704
356, -11715041590869082629576677, 97
357, -460143149621236322444522756453954671022638694383085999301387948674007730795263346590726886550408945180028513147258706861157598899258364956718540698426735471408469533178560967793465154048961392282594707156811337, 708
358, -973622669683425485261732947353366211681776477116742974294201554331, 233
359, 4455359039684154611444413240995995128036351886345245877948835661291783042071732527220899763061550769808265883136799554709901361687819281877758535260953749528476887158212743044596498140535277154410893489923560377, 711
360, 3041940587, 43
361, 256468707834694957731247349420475799121393004084907515270947223935791676201588997701784533417169495135069650717503653082110868957125261187190284247947421399834645431720798030282621599722343643768618999445529684383, 716
362, 108513528205176526980351418977292035944454868802907442915062919376087, 237
363, -437993587528867687801363095086515253257789988649227632338310318901940017733372643659277586974216184166838449849190073849842932608661498717992616911488712088551547642826369909091946760575995589910129826542302732661, 719
364, 8577281487661152607181391, 98
365, -40907222152489536079876581368713011047767335172757642245783818733549037791676806958307913155638073236697987981294204792470487096442129210936381524618241030999841298555692376510336512224783347739308439905261939385257, 723
366, -25250634686212122952540879400291904962808113530269936356323103772065, 234
367, 83155414227209689218117972406477114029466450129958332270199268333909522809738421335417695484869829662487317900920696880995138688858077935044077207058478443244799976592088143376356598195524919161899539038866986957845, 726
368, 0, 0
369, -3693967047634015954009907224690382612605975402926216997276364778154982434111985782534836697216143428430431176767490257227003063020784975843818599359877380408683942587789764126948004019924535960290974327622219668884647, 732
370, 737667683360740227219377286045848351767506154500760294807526703493231, 241
371, -32350489573605101355081428589777131055895354476626482789976924498291084026318282832678766193776246318022408612538610687917972553476380944202381955464067454809940734646278972884539105565023852504530799449846743208520015, 735
372, -11769712489317276652341545375, 104
373, 1900162008058871295809176763607858207649949675194685879228700990060355223588074737709698691412940756928613353081039617421356760689987491364199568720941247630443583537836174434535461521274057915593846785611854739814454587, 739
374, 36718973174401988156259043368466774250225407013441617339234086503794419, 244
375, 15634563460307615608968211357165152557472665394372492702251538492625685493857713218533028409710948220726445001884627203517465814429545617736032670224002400430250471618727054349546846070326632242938741000663478124990709101, 742
376, 1618670062589, 50
377, 1062751927766244796986811053446053660152952873882367423705110880782687013252100581636858358400792638769811844638095499345479916502186306957318211109026010149689205642176635019316308895709267048120996353195710874105651577041, 747
378, 16371391878370841870056584268048101044362696089110459613723169185717903, 245
379, 7515617494679810528091616413245352472224015680688662573742681357485778747307169440243643052359441851223971579450217122699542077962918359914377909727397257678587760668499481297038612424028853355295727394732663686093189170573, 750
380, 413304491787128297208222629, 98
381, 41272495923401660904558263684539163327864587151200783769350911142339182634686822741441364357418974939960514476544881064296894256613184210993660193765074287007150624522686839498919518784731048667989663151082600667418337897589, 754
382, 844910472902884959312597894549411157164476497675793178355141281862517003, 248
383, 1274911222918047289576246745764027265393100692885992585478190285941192297045568318208212710149724427954325041591781329216898784818059591473929594301520124725533907035778827431062580823185896510201974336136886796393611924108759, 757
384, 0, 0
385, 97016962205848452503623703202708597309352854444480361937358428948642452536387230396971351506102420268968853307583361211834795938782947553042706036068346864428475720788894167458100148953116208735508772832826423131417261043475527, 766
386, 59836682791744438677951365948001663535412655037208298967994423972197049507, 256
387, -771990872170948128195994773666334591718212703783531246049087061324011515867548383410774672156152829333181452452868109816327449139598795606643936841705061983687716336346192891213919473231818036047649256086370207687419388152827769, 769
388, 68680115926622113059086953521, 107
389, 71126781451110936020392994626279337619381201039944069274302569188764967769671160774520951879956098823015537900846974884481685831677934823429632267248346658172818923577992771608875623955555098824553075985726886996452681007452132873, 773
390, 1183522783075354565157110654248108261344723393921713027256277054921645989, 251
391, 29211428874352755995101685240519730689704514069443065567369063289066125983494945887136035314234026641707960292915392357620916823757087253926226268760189781400633203799263905892020573917379494220065509872253094389207835428079690327, 776
392, 1046208923153, 51
393, -2128726022033958799347186872601438544768816725984168557390776311295081759193259165176852508430480683101343682602093964742082141497104417194926982783857520783840103045547557497672094446249193183147386299821579143177095346942893483155, 781
394, 727945235799665179586060121798925557321715171767976351019561485282920052643, 260
395, 36935287828936469746807047528355434985983969461679286516787490290852631981195368870847666275338560664542420801105216695676284776671936448333638745322666349344462227729317129969703885931987688222299020042722251392596117386187308567425, 784
396, -414635590076491000491007907973, 111
397, 1188993972664344797624663735134726472674555195912767768511078553329806491125444516257146707198072301876019636173561390529166191236567484163774382431673938447798495939404678515202156865640081548876087638680614855381849221965336284845901, 788
398, 3027950187283722095139780047836313168961316332244948747691057442016482654741, 263
399, -8605855343058599687380898541508719198115198912456751055993786524601747649739001020720377852508877759770976120940736219329415089609946571783625623098556656491442694044537387866314005198704222873099959214625697806211938962984584305033433, 791
400, 0, 0
401, 120693891886293821690190795747634576393190443201940339688216722719117259300623377693095956893941217938039816433437319751533392911515649362347924138788799067467464926723441901886123562316265639898596785351482018373739403220704491337475869, 797
402, -9206709119546624938456931921027934631244618979383679786823178584278614738411, 264
403, 2094825956363615515910787033399579396559604604295077834454925320157521740470527873157061203657752833296091088342930796808606558001473263053124494162695580116098368746457470003203768483735466952535667880192757987262673970168176617587811941, 800
404, 6583873698515933163837385944395, 112
405, 36744532446560254543472628901104114876619345548104184994849911081182196283670168389741684898598937055913236227032836627617285551480609377728708462712265282946871082346719512975731411156683588954301388799283254503921586972886468298172383231, 804
406, 44228887069204623893129777991391890064255150226615879851990165335354967911061, 267
407, 1057470696104136555370006756355779533876828755973804899597487887109658765402552543609385854722994834628741041557234166027391158350103964724326633250177799493025800311622226933368380142125373811483499979506074997972441779678011948159351795257, 807
408, 3554325952879, 52
409, 20626799048441810548769356292087109109232450823971813884969913266048307984666318392747526353964590352766459181741692753912300547024303992969992923535806067414263993241180428080480991412122798216560543911010062675010683446654561341583365960625, 812
410, 4509169622183368594630707975639550597975046296891634549721736573604387200365745, 271
411, 172366793402087582775374980873781112077487907414229317551104684617824629923543594257366728514813479135339761170502565527995102513343240226501476258162388873588961069253827125237167873429688006989178706620986225646601188974257305182829117647677, 815
412, 3470168406264674950974698426811, 113
413, 1233133855331340784936430686645728125958261639179830118730160330360718120194497456939783958891332671779965744020359744695779704746421419046191046099590326713402772037873932734044837993702550538650452873964989564258569581367694299239651139759277, 819
414, -66132069352182386216416041537452727535170502903248459659079594225363565669227, 269
415, -16988860114544021202649668932695278096565281761081389993704703370916401426241546436337485243235024895592857639623377360846307838342492304745035158149014123260688001391371940640969964421150910700126436110585663394887345505673526413554621568106673, 822
416, 0, 0
417, 420555248822561154236681162804259483177479940249807221321452675977777894492704573024647322231476233523387817967657843219641045588460737632472175426247557562577345822834570727328680472180013311445621932421957275019018769438541177472543004365649425, 829
418, -4324391348773128651994274377265987129905057660148579163645352606838451491644359, 275
419, 12547072125028871764148027416770017669293738996912778863782458618365340291329559332457450952440679011788912525118847581599998890583898544040035579624224595841288419932294300519168507500475937662965317865606538166868154873016113712101034667072616097, 832
420, 525500422744791640311450957155, 113
421, -120920234400016551661970487671457927913592926291701473538083081272259719066803952888191307854672703889791816760328253377805253925367782278579933677563653935224545691567766589044215096998780097592193284082909408164220547024205021543568597891328403337, 836
422, 107480388334266288748566471463526022627232208851770122702677626311756964568132065, 278
423, 929353619126514322814209399493242038239332940978600744531224619763086956045620205236347913413835153603524748968379215335390814626825811361824209032216605646125605967823528972637352817826835142698802511422554662035271279051068366023797149611403801433, 839
424, 9913754995793, 55
425, 33519009991330580428160429571403398939882740016448463636277571165529727245506308279734376852710121612801419144142507051497733138806171654552542168539799673382988462328009896359357323343488204843167221627483717171418312290531841188911604834575969073831, 844
426, -91086990394888372938363341682751039431994796109358119774274184763231830977214731, 279
427, -279315015054470484542917985962392436711077862784974864950739199424067387398455760969532967289334202849657214978083802968574505540664794243169880165542830417252270297696776136672042371224108522306703823732900624191008453532831731948078147918684653735277, 847
428, -25319595118081901956471030569219, 119
429, -7493578030237311419894839068625316683751773738232363142261693125246576326619569566483028039952723409738977760396787785417823030262894463813182657010717399042478407926634018684540054480605677420659327195160768292049560045494966221541889713229967763278993, 851
430, -5227230975175676296484065651456634538077105702979507168154784073388460462715256183, 282
431, 26506843629468647287715443132486791529051339780521663012947819715494654329172411097183208449705221636782005117481378154252809400142947766698411339342928512277178391676468166627455666667182931453879023872151958602809312164044254438503532551651252660322877, 854
432, 0, 0
433, -1481962696944133789712812398784873802500914633008304958152864854499171895080080538847750423578301410327358953840328134256367942539863990558883340669659084115333783918574876763981910027711856982085851635098759349315569808640761766001140413904001677464084971, 860
434, 78349245689844388556324147457832662208452422681659109064470109756335738035269722817, 287
435, 19923331059186520119316638177654032262643106083476736846089529027513987143079262617565746408602957314894914560319035181726927922080936923390402986500812278661388874132393238142395299373841791238426707036085690736430182243100309098482297798602884397945799469, 863
436, 87335310175991164634903816070593, 118
437, 512183915999575737334571960892006214031452605603390251619792060575242488178375537442918516483147293376724395677114966878946000686764217884490229552859149879358412679872682135544369602576935389708549035027587332047136782085454284290526312215985778533129611039, 867
438, 70661582376104713878855059960729589280572842804660362082932415596099586028960167293, 285
439, 7502221881880864334753376331710955184000598066163739355903471114176909912897921389411321377926386494610068243521113938988325965871008300041869052347281995372790815835203289064855635899408769251551203766096186598731817840412323501975857554362952725761535134665, 870
440, 58441013179269, 57
441, 147971566651992238121724093551658251090302103220239829167568955009151302141967858144423175965411548483729159117963155309460646564079150880584410724548935840335176746262325391768237971966018649675183638732405807485128441038709826255185040134223793767267738275525, 875
442, 5129565994305080153046602480917812690327054412612142954442087777199151964387151966401, 291
443, 2172176992945469628664509957876132745374307996630466924807852055157175503581343127718140737438164860779177946298642314955298303061007802273861885342885918224122489716124656777826478481408942915991059398477462284909720126685579044095775241288636507570026831069905, 878
444, 2381159368858619811597938956635979, 122
445, 45942469641608619404593993211980283209557615787626558847661169622437757863468152034458814199958107086856815266137432240888289682666881563698326372997128508603602379733796557198939467023385536930764680842624170521088060341005170283277779457561256730391074773894313, 882
446, 17107644494629833237869096807215505107262317036661066436348163666945676431327543081651, 294
447, -288311117392360898107761309959806831270421589899617847659648895020762428214790980971773085287284957523273227501515412561715789160314761737483582508351010152289631860369866555277102144346236136883372190161387977365268002933785491907658079426118195082581385148288013, 885
448, 0, 0
449, 19386315448496066812270886839105888416581644546220080038205654978362149840613345519961793913032230771941062195340505398526142427075122475916020013060936387826163056041833305436998813828464302223549007424400165252358772910733708187570520516368204535950740539935125711, 893
450, -28871863327138634180311155121230210169736218133326994178729562189416473679713075093021, 295
451, 191106316413692336530623995692242548523937718140395335084247816270946659391891821306353663996714594397433759825121663314690397177132439769573331294586917248473959990918856547681660001860033150182390695847169858345635767907660612461484781174034803875973969432437508975, 896
452, 555505511183650741848560162065357891, 129
453, -682374136874688546493900787046813916597254060552057325127537967116312874801147095997155252952477895595393236853673937890743841449489224737890916808696355563161352058282197095074661026523830927150670343209918556321478201590933524526387543542221297817617379318321628207, 900
454, -177085330781509275013883741503086768987091294639067155118941212060265856716114549577741, 298
455, -2754121844730817860740757233764858778040755974909007698590819243149285284484198158380300432154027364106017393131311179161101170164125777871604265981338543414058753300288169310082863559649618304135637555209119821706595854084318631669311862961895690545341614949884905937, 903
456, -453192875189, 57
457, 764681352783830605919551490815037813999267541269231106889744590434478251846065288233379274600356764975378137140204783866215369412295084405912688834111613153740240403894203990393928788090500650970428921397449670336809162202069448312602889025574448006185541915697942965901, 908
458, 3502715254849913737837066861622261985253042009373495149569673244612974811058729668384053, 302
459, 1644225422658576637467942332496915495489447106739684809009768595213419250311239078927985759241382977634714178812168068880128666368471277199109239524491002883106955627925049851127508280470105153175743868741554251387978927963175478832619342450375360876045073638126592039233, 911
460, 19860312842677183381027268053641273, 126
461, -215803194162422626513372238132562363141830727458091697215544380707539076505873732834324116375208645222497335484431121595898141586293141843691834181574240950383462651761690436543462459433909658015167902962305850886407104974112722078895438734508696725639961609943267272221347, 915
462, -527123814251491196536436477324921399643244804209592359958276987743751506552693820841323, 298
463, 899107638362031375700742769039471667774165272646608572946300494299434550420623416505689209974339026173477225161338286554891387985991863292834597810200413862370765688636092873490213236326187643401738767510992008645438021295443703322279464857850876848794409762191220989030007, 918
464, 0, 0
465, -28952200167637441175710509846669020467671180661484039999223738385569162432697363440242660370210267473367571557629244471366560645692526766243978847159541117642637339049451840532637822423491275629273351348644586274423448194416859651505993765505963754493444008867942811621029623, 924
466, 123154776102877287617527215293313461259458727491668108345569725683811994520603644845294077, 306
467, 587544300600380008588563866097267136295060125144607746048569060477286941345726755838605273397509947857476558491278697509617667072918997158860798169476708738006704744481109984207446724225014933172075295148932129528478812917017486020152305543665889762596998280933293723496578769, 927
468, -56737231257503883448157614155849003, 127
469, 9022898838284070668257343575192265286536847411077271160058175316122001746067427945770929889602076682812800813694167159183262704440231389095210583008180718557510903402266228840512345801063123313701844416183156721056906141078189436573023309889944110610869232695251774887229011795, 931
470, 992323584468924338191901008943983889716865419176666678731400466559157718294002575566764513, 309
471, 45599208186893194018155047131130165875668473131506085155643810074059652102781913376513570259873692842689752720733104191683534857619567500863312080122669433060789747696696862106184420988204463893390488949888054469441123143025734153999261441195827604666317727470043976801052656229, 934
472, 1171224492732595, 60
473, 7387798853450050689276366260865620780548209973474211356303158159037228350233286459392524475778508405037608820236252684141995421672069223771739204642564041304985885166061494618536639908888309583979454816728025821671577005805801050666862277168622574466870980353657442990969080085125, 939
474, 428748761831153843425784672739219837955677581789801202141812156062033035247408701273474357, 310
475, -4786570699700406991124884337593392934629729528051444360096312952720886414955280968639936078589707385014552074458264175875199901042225747490440540655754521480939011139496197917239969674310680472122432131190237278228293627849319851071785002428914170192542084411005846317312542150623, 942
476, 116718911805885606788044310307436301, 129
477, -544724765273661497143127947564035319585251872899154252975902312682411124580616393927941780884956158718323216649623960266013762830021121438567204847486847796096851016304944967158395984547374878943362063912805405629262515156498136842090622849135369270841629770223763654367151707204319, 946
478, -15703235879543226265793879422971258803506137233997610773534081086089472888843132134473129623, 313
479, 167889163157947954637883294745109345382233041533864250410020910812977961429940655055608941959599206039986748700631851538240408870648315452193907231362845331867010507399188988063132618569098902971431213892349470764102321866985150328655791291934284324877344810879735214422094742771051, 949
480, 0, 0
481, -65693836821735812490679610531664810712680836819218427401193154592241403127484953474990489424347860193618062623260163983920002497460890970978550125614881625797024534792581611883301399466317912196125936706984817868300719765952451722377212304722912326496168012172851037638056595319219777, 956
482, 153401129545861037599360305216139259564792691110135230751497169797022377867218615213700292717, 319
483, -628523484989557121873835008198872520846858369757198989493110930638283486438916554506144613849693802322136768059500562433207500256932583717976911852195429711518755893236637680643138573437500297709360440115736094983013606959161564776236252244046085557483089108893943146880303222979827569, 959
484, -52174606746283560843460386168874161419, 137
485, 1846006928880264221616544526046120722279091281958803467408486373191345784988681179178177296846139294168696338508933344385836250702534864925931529312346016573702987413174607106191081248104925736411796673620090848965032256132180322978904110537704600278172797469777370615246834721605619465, 963
486, 17729858674585062823211239465051661392687929264506020500100625230298856883492462128642703059, 316
487, 331702849780757893327162375198274567469509765241922843936480738572892871474586479743048201393793555804988010180805481522317774581327550384962303772265546488099585603837335365982076330009820499286393614889244428936756117516977723031526294060478061036494604335385261497720854037984385759943, 966
488, 41540083556121195, 66
489, -6987185354422523696607938998370860395217610710020254617238063994049941228662535739701938158354288655024931275679478946905369276445506667157462668172673815961147671976852327760730960480556836219939844671528277893394586554297468023120013928317727772475355079302744036620749441359652716550383, 971
490, -5807102745295916931844585608621027311023548576856194972419035131101728839035178477962769559507, 323
491, -37187643540403839764815360968086438374572843008352507703234140475756628629275966186325480496064713286856426738171165156736950500404754488046723702036106924602502394008586677632948530916775521496017563591042240783489838585348032201718596545663720338172957732518807810514449198907530132602587, 974
492, -228666210815659327016531684050620463455, 137
493, -1606281076163829717283818163270936231725093739154300940324283153036931465015630123518391973884084171254000442224610606682960026268045833504032762368594045144012465539152445447106452611180731658540129897858316700412289656065778497407473122520918212581855994336791870998875806398469224923979463, 978
494, 95058274136657247080526316587162433151251569044841819972988069372803652423514153277593274908339, 326
495, -2637149989535938334435989227401010556508667944158713263764955767047468048000306858613188703721118477678525224094802584477485871547639128765439966065680555642157394843544290149659965617762873271183612507140589135848282362283841025702565297872925769729838721618228625867348084557855148118112037, 981
496, 0, 0
497, 826585362815137367072467875822810879286460634524207731551137021462972037927173502511317759190006176321152328060799782191465593838018847533568353811140644866081396701492625718784569304537288869338199714450853612385481517486691173830617639865827692630468931943570334497093082856667797693098112399, 987
498, -3101661048578509853499645546042421153812310072504443685140355189685914798076332673652544799117, 327
499, -1150858458988873767537808651620805874222055445522325055583419162744041282196231833120948977432063822979577752725180782087346461233523674219845036749773351761955346382111835836887396601149565967702077613070561318630727444536468262200627014048522964918582275365281313151074812350981828379789847369, 990
500, 1079923678666303997123970063577913451185, 140
501, 182424363735650277591230135701865895384180886489568091680438046298778207354371338753531103362529228997610781721315330734287843913115612340928770011716703330660901150393269935372728605492441137004958678095454739791493438963960996449950101305663663678548714316159609428118636843735320604582259190685, 994
502, 1340349732620637181680102034327859089976393849448712104305050151004415033882993296144109971996915, 330
503, 1113737154869489104080250513978483475939529059496455471830705790361471596605508323905723325029966655904192178198233573992664346366026085324037126482888853721923377244932058949480578912573807588985277561626651966577521278584609911572572761760466173570551460642077611562633813339008428368219880181563, 997
504, 11977409548492247, 64
505, 21314572883615093673115341078025991507096580463046881983454443392508303011280638116112599350195353526725380907592813949106590197149566205630025817520773946623059625340512001707254169258811649642342254897920056032104073938937140158535616840991951881438679176442349055866262847266911927250160828038375, 1002
506, 21479421669488744581416308752254587424558332569060464308941181006125371801148561895868300594055387, 334
507, 44363225389437639881741344911748066350286151579438936544027795832027984403160421846535016288349917067689901894498792156761029684906669309307345032577930580843645211800927175314932287527900265335527648423917104135278222927381489209012040014678607182362017899919951320394610248524031579682631643148811, 1005
508, 15065810780164419895648312845916786329837, 144
509, 4544545664800978727596662010105269242436112302938165884485080590911506597874338322192447016972453067334828575532743529495427266766036762454739254414340377432750318845068334095153261846465295221659681494597901434966473684716356045300011418947916383210988741191767456847387444331910400243112717925413315, 1009
510, 1998782939929730229948547555289823467545178779618097098422445281836805068237034744294945166313397, 332
511, 52170148057788146644047661369204240644899920197522356679090090162367978529501770861009107152258762580711960798833644590104442294522537358485643894275133181797968575606529368976873623280898629957324286001718022598733318832507414269162711437658532787062833000399963726040966942528657417403499878562996177, 1012
